<annotation>
	<filename>image-0000003.jpg</filename>
	<size>
		<width>1920</width>
		<height>1080</height>
		<depth>3</depth>
	</size>
	<segmented>0</segmented>
	<object>
		<name>bus</name>
		<pose>Unspecified</pose>
		<truncated>0</truncated>
		<difficult>0</difficult>
		<bndbox>
			<xmin>303</xmin>
			<ymin>497</ymin>
			<xmax>706</xmax>
			<ymax>884</ymax>
		</bndbox>
	</object>
	<object>
		<name>가각</name>
		<pose>Unspecified</pose>
		<truncated>0</truncated>
		<difficult>0</difficult>
		<bndbox>
			<xmin>962</xmin>
			<ymin>428</ymin>
			<xmax>1333</xmax>
			<ymax>800</ymax>
		</bndbox>
	</object>
</annotation>
