filename,width,height,class,xmin,ymin,xmax,ymax
apple001S(1).JPG,816,551,apple,326,229,540,401
apple001S(1).JPG,816,551,coin,196,344,255,395
apple001S(2).JPG,816,587,apple,427,214,649,392
apple001S(2).JPG,816,587,coin,178,346,239,404
apple001T(1).JPG,816,612,apple,361,184,585,399
apple001T(1).JPG,816,612,coin,82,334,144,392
apple001T(2).JPG,816,612,apple,386,193,632,426
apple001T(2).JPG,816,612,coin,98,354,164,418
apple002S(1).JPG,816,612,apple,152,124,506,456
apple002S(1).JPG,816,612,coin,675,362,789,475
apple002S(4).JPG,816,612,apple,101,204,449,512
apple002S(4).JPG,816,612,coin,661,424,777,540
apple002S(5).JPG,816,612,apple,144,187,475,505
apple002S(5).JPG,816,612,coin,667,419,781,525
apple002S(6).JPG,816,612,apple,142,192,474,511
apple002S(6).JPG,816,612,coin,663,423,780,533
apple002S(8).JPG,816,612,apple,162,169,487,459
apple002S(8).JPG,816,612,coin,672,392,789,500
apple002T(3).JPG,816,612,apple,360,82,606,329
apple002T(3).JPG,816,612,coin,539,500,604,566
apple002T(6).JPG,816,612,apple,406,98,629,334
apple002T(6).JPG,816,612,coin,550,466,615,531
apple003S(1).JPG,816,612,apple,92,147,389,435
apple003S(1).JPG,816,612,coin,710,352,795,457
apple003S(2).JPG,816,612,apple,107,198,411,479
apple003S(2).JPG,816,612,coin,684,396,790,493
apple003S(4).JPG,816,612,apple,72,188,383,460
apple003S(4).JPG,816,612,coin,703,388,795,481
apple003S(5).JPG,816,612,apple,62,177,360,460
apple003S(5).JPG,816,612,coin,703,377,801,476
apple003S(6).JPG,816,612,apple,61,149,386,433
apple003S(6).JPG,816,612,coin,705,348,800,449
apple004S(2).JPG,816,612,apple,323,187,690,544
apple004S(2).JPG,816,612,coin,196,434,321,558
apple004T(1).JPG,816,612,apple,261,45,577,362
apple004T(1).JPG,816,612,coin,375,451,462,535
apple004T(3).JPG,816,612,apple,246,90,528,376
apple004T(3).JPG,816,612,coin,469,399,541,474
apple005S(1).JPG,816,612,apple,396,192,698,493
apple005S(1).JPG,816,612,coin,217,383,313,475
apple005S(5).JPG,816,612,apple,448,179,745,466
apple005S(5).JPG,816,612,coin,61,400,169,503
apple005T(1).JPG,816,612,apple,344,94,591,336
apple005T(1).JPG,816,612,coin,295,406,363,471
apple006S(1).JPG,816,612,apple,445,151,729,394
apple006S(1).JPG,816,612,coin,114,303,195,381
apple006S(3).JPG,816,612,apple,478,145,733,365
apple006S(3).JPG,816,612,coin,170,307,249,384
apple006T(3).JPG,816,612,apple,334,250,578,519
apple006T(3).JPG,816,612,coin,370,117,436,182
apple006T(4).JPG,816,612,apple,290,260,543,508
apple006T(4).JPG,816,612,coin,546,323,613,392
apple007S(3).JPG,816,612,apple,392,111,662,364
apple007S(3).JPG,816,612,coin,124,300,200,370
apple007S(4).JPG,816,612,apple,447,68,728,337
apple007S(4).JPG,816,612,coin,128,284,207,358
apple007T(2).JPG,816,612,apple,197,110,458,380
apple007T(2).JPG,816,612,coin,566,452,632,524
apple007T(4).JPG,816,612,apple,320,57,545,314
apple007T(4).JPG,816,612,coin,420,485,479,543
apple008S(1).JPG,816,612,apple,441,190,662,381
apple008S(1).JPG,816,612,coin,179,317,243,380
apple008T(1).JPG,816,612,apple,146,130,395,384
apple008T(1).JPG,816,612,coin,548,313,611,379
apple008T(2).JPG,816,612,apple,71,189,331,432
apple008T(2).JPG,816,612,coin,582,243,647,311
apple009S(1).JPG,816,612,apple,411,121,695,402
apple009S(1).JPG,816,612,coin,57,332,138,407
apple009T(2).JPG,816,612,apple,218,290,409,488
apple009T(2).JPG,816,612,coin,479,162,531,213
apple009T(4).JPG,816,612,apple,147,235,413,477
apple009T(4).JPG,816,612,coin,567,202,631,267
apple010S(3).JPG,816,612,apple,432,165,692,389
apple010S(3).JPG,816,612,coin,127,336,200,405
apple010S(4).JPG,816,612,apple,446,171,688,408
apple010S(4).JPG,816,612,coin,151,348,222,414
apple010T(3).JPG,816,612,apple,269,157,430,342
apple010T(3).JPG,816,612,coin,430,460,479,508
apple010T(4).JPG,816,612,apple,120,251,327,466
apple010T(4).JPG,816,612,coin,481,164,533,218
apple011S(1).JPG,816,612,apple,410,173,620,361
apple011S(1).JPG,816,612,coin,127,308,191,376
apple011S(3).JPG,816,612,apple,382,212,614,414
apple011S(3).JPG,816,612,coin,89,345,159,413
apple011S(4).JPG,816,612,apple,420,218,636,402
apple011S(4).JPG,816,612,coin,148,351,221,420
apple011T(3).JPG,816,612,apple,177,213,405,432
apple011T(3).JPG,816,612,coin,518,80,575,142
apple011T(4).JPG,816,612,apple,257,228,499,459
apple011T(4).JPG,816,612,coin,608,276,669,335
apple012S(2).JPG,816,612,apple,122,166,382,382
apple012S(2).JPG,816,612,coin,639,324,715,397
apple012S(3).JPG,816,612,apple,261,179,495,381
apple012S(3).JPG,816,612,coin,674,326,747,395
apple012S(4).JPG,816,612,apple,135,88,385,292
apple012S(4).JPG,816,612,coin,637,243,713,316
apple012T(2).JPG,816,612,apple,320,188,540,409
apple012T(2).JPG,816,612,coin,129,73,187,135
apple012T(3).JPG,816,612,apple,276,234,487,441
apple012T(3).JPG,816,612,coin,40,220,98,280
apple013S(4).JPG,816,612,apple,447,200,633,379
apple013S(4).JPG,816,612,coin,161,334,213,390
apple013S(6).JPG,816,612,apple,475,195,692,408
apple013S(6).JPG,816,612,coin,181,346,248,406
apple013S(7).JPG,816,612,apple,464,183,661,385
apple013S(7).JPG,816,612,coin,137,339,205,405
apple013T(2).JPG,816,612,apple,169,194,383,406
apple013T(2).JPG,816,612,coin,608,334,663,393
apple013T(3).JPG,816,612,apple,269,245,509,483
apple013T(3).JPG,816,612,coin,199,46,266,111
apple013T(4).JPG,816,612,apple,286,257,510,474
apple013T(4).JPG,816,612,coin,162,87,220,147
apple013T(7).JPG,816,612,apple,321,186,472,347
apple013T(7).JPG,816,612,coin,418,505,464,556
apple014S(1).JPG,816,612,apple,28,143,322,380
apple014S(1).JPG,816,612,coin,571,300,654,382
apple014S(4).JPG,816,612,apple,123,201,391,428
apple014S(4).JPG,816,612,coin,670,362,743,434
apple014S(5).JPG,816,612,apple,119,175,346,376
apple014S(5).JPG,816,612,coin,586,321,655,385
apple014T(1).JPG,816,612,apple,365,270,613,492
apple014T(1).JPG,816,612,coin,140,177,206,237
apple014T(2).JPG,816,612,apple,390,263,611,466
apple014T(2).JPG,816,612,coin,113,256,171,314
apple014T(3).JPG,816,612,apple,382,242,614,455
apple014T(3).JPG,816,612,coin,179,96,241,158
apple014T(6).JPG,816,612,apple,299,243,533,454
apple014T(6).JPG,816,612,coin,63,125,127,186
apple014T(7).JPG,816,612,apple,349,216,559,445
apple014T(7).JPG,816,612,coin,134,82,196,140
banana001S(2).JPG,816,612,banana,106,286,511,371
banana001S(2).JPG,816,612,coin,583,318,638,370
banana001T(2).JPG,816,612,banana,271,166,631,384
banana001T(2).JPG,816,612,coin,167,471,224,532
banana001T(4).JPG,816,612,banana,339,184,666,369
banana001T(4).JPG,816,612,coin,194,434,249,487
banana002T(1).JPG,816,612,banana,95,83,646,503
banana002T(1).JPG,816,612,coin,405,241,488,322
banana002T(2).JPG,816,612,banana,106,143,654,456
banana002T(2).JPG,816,612,coin,345,117,425,193
banana003S(1).JPG,816,612,banana,157,219,586,333
banana003S(1).JPG,816,612,coin,719,288,802,368
banana003S(3).JPG,816,612,banana,140,255,537,361
banana003S(3).JPG,816,612,coin,696,321,779,399
banana004S(3).JPG,816,612,banana,435,320,745,489
banana004S(3).JPG,816,612,coin,105,394,191,480
banana005S(2).JPG,816,612,banana,49,214,582,321
banana005S(2).JPG,816,612,coin,640,278,724,355
banana005S(3).JPG,816,612,banana,49,99,392,237
banana005S(3).JPG,816,612,coin,685,197,781,292
banana005T(2).JPG,816,612,banana,184,78,451,539
banana005T(2).JPG,816,612,coin,572,126,632,192
banana006S(2).JPG,816,612,banana,464,290,699,386
banana006S(2).JPG,816,612,coin,114,324,186,391
banana006S(3).JPG,816,612,banana,287,226,728,327
banana006S(3).JPG,816,612,coin,95,270,166,346
banana006T(2).JPG,816,612,banana,156,130,589,374
banana006T(2).JPG,816,612,coin,326,351,401,417
banana007S(1).JPG,816,612,banana,217,257,481,364
banana007S(1).JPG,816,612,coin,537,291,604,355
banana007S(2).JPG,816,612,banana,306,268,706,355
banana007S(2).JPG,816,612,coin,178,295,247,362
banana007S(3).JPG,816,612,banana,339,262,707,356
banana007S(3).JPG,816,612,coin,192,289,258,353
banana007T(1).JPG,816,612,banana,158,261,543,513
banana007T(1).JPG,816,612,coin,368,198,435,260
banana007T(2).JPG,612,816,banana,135,139,421,626
banana007T(2).JPG,612,816,coin,407,363,486,443
banana007T(3).JPG,816,612,banana,362,89,640,565
banana007T(3).JPG,816,612,coin,313,287,390,366
banana008S(1).JPG,816,612,banana,266,242,757,339
banana008S(1).JPG,816,612,coin,95,290,170,361
banana008S(2).JPG,816,612,banana,307,352,736,460
banana008S(2).JPG,816,612,coin,128,401,195,470
banana008S(3).JPG,816,612,banana,384,194,738,297
banana008S(3).JPG,816,612,coin,82,256,156,329
banana008S(5).JPG,816,612,banana,305,262,791,381
banana008S(5).JPG,816,612,coin,116,314,196,390
banana008T(4).JPG,816,612,banana,352,100,566,558
banana008T(4).JPG,816,612,coin,303,261,368,327
banana008T(5).JPG,816,612,banana,346,71,548,514
banana008T(5).JPG,816,612,coin,295,294,360,356
banana009S(4).JPG,816,612,banana,18,258,553,336
banana009S(4).JPG,816,612,coin,627,298,692,361
banana009S(5).JPG,816,612,banana,64,257,554,361
banana009S(5).JPG,816,612,coin,638,306,707,371
banana009S(8).JPG,816,612,banana,116,258,561,353
banana009S(8).JPG,816,612,coin,642,308,706,368
banana009T(1).JPG,816,612,banana,275,56,516,549
banana009T(1).JPG,816,612,coin,101,99,164,166
banana009T(5).JPG,816,612,banana,382,58,598,566
banana009T(5).JPG,816,612,coin,117,355,174,410
banana009T(6).JPG,816,612,banana,306,50,569,503
banana009T(6).JPG,816,612,coin,62,166,119,224
banana009T(7).JPG,816,612,banana,283,112,517,533
banana009T(7).JPG,816,612,coin,180,49,236,106
banana009T(8).JPG,816,612,banana,235,126,423,558
banana009T(8).JPG,816,612,coin,392,39,451,99
banana010S(1).JPG,816,612,banana,286,277,783,381
banana010S(1).JPG,816,612,coin,68,336,154,413
banana010S(3).JPG,816,612,banana,162,287,567,378
banana010S(3).JPG,816,612,coin,643,334,710,400
banana010S(4).JPG,816,612,banana,154,320,570,423
banana010S(4).JPG,816,612,coin,659,362,728,427
banana010S(6).JPG,816,612,banana,252,287,754,390
banana010S(6).JPG,816,612,coin,24,342,98,418
banana010S(7).JPG,816,612,banana,332,292,786,409
banana010S(7).JPG,816,612,coin,78,348,156,422
banana010T(1).JPG,816,612,banana,346,137,542,554
banana010T(1).JPG,816,612,coin,256,47,319,108
banana010T(3).JPG,816,612,banana,332,126,557,551
banana010T(3).JPG,816,612,coin,183,82,247,146
banana010T(4).JPG,816,612,banana,343,188,518,545
banana010T(4).JPG,816,612,coin,125,289,178,339
bread001S(1).JPG,816,612,bread,47,364,483,469
bread001S(1).JPG,816,612,coin,692,385,780,477
bread001S(2).JPG,816,612,bread,120,393,554,512
bread001S(2).JPG,816,612,coin,665,400,754,488
bread001S(5).JPG,816,612,bread,54,367,492,455
bread001S(5).JPG,816,612,coin,686,380,776,466
bread001S(7).JPG,816,612,bread,84,315,489,423
bread001S(7).JPG,816,612,coin,660,334,753,424
bread001S(8).JPG,816,612,bread,82,374,482,487
bread001S(8).JPG,816,612,coin,690,390,780,480
bread001T(3).JPG,816,612,bread,151,140,442,474
bread001T(3).JPG,816,612,coin,597,157,665,223
bread001T(4).JPG,816,612,bread,85,124,484,532
bread001T(4).JPG,816,612,coin,593,174,662,241
bread001T(8).JPG,816,612,bread,72,126,506,526
bread001T(8).JPG,816,612,coin,604,181,673,252
bread002S(2).JPG,816,612,bread,106,356,527,486
bread002S(2).JPG,816,612,coin,712,383,813,478
bread002S(3).JPG,816,612,bread,21,312,492,422
bread002S(3).JPG,816,612,coin,714,333,814,426
bread002S(4).JPG,816,612,bread,66,301,554,436
bread002S(4).JPG,816,612,coin,718,332,816,424
bread002S(6).JPG,816,612,bread,39,286,556,415
bread002S(6).JPG,816,612,coin,715,305,814,404
bread002T(1).JPG,816,612,bread,82,123,461,474
bread002T(1).JPG,816,612,coin,579,221,643,288
bread003T(2).JPG,816,612,bread,276,228,589,521
bread003T(2).JPG,816,612,coin,533,91,601,156
bread003T(3).JPG,816,612,bread,277,118,680,515
bread003T(3).JPG,816,612,coin,50,164,125,235
bun001S(1).JPG,816,612,bun,440,231,616,375
bun001S(1).JPG,816,612,coin,79,322,135,381
bun001S(2).JPG,816,612,bun,398,206,612,387
bun001S(2).JPG,816,612,coin,55,309,131,378
bun001S(6).JPG,816,612,bun,418,252,607,402
bun001S(6).JPG,816,612,coin,78,349,133,413
bun001S(7).JPG,816,612,bun,394,220,602,364
bun001S(7).JPG,816,612,coin,50,316,109,378
bun001T(1).JPG,816,612,bun,395,268,667,493
bun001T(1).JPG,816,612,coin,139,241,207,309
bun001T(2).JPG,816,612,bun,366,263,596,465
bun001T(2).JPG,816,612,coin,95,269,159,333
bun001T(6).JPG,816,612,bun,386,262,637,447
bun001T(6).JPG,816,612,coin,114,214,181,280
bun002S(1).JPG,816,612,bun,431,235,652,377
bun002S(1).JPG,816,612,coin,100,321,172,387
bun002S(2).JPG,816,612,bun,457,262,684,410
bun002S(2).JPG,816,612,coin,139,345,209,409
bun002S(4).JPG,816,612,bun,482,284,707,424
bun002S(4).JPG,816,612,coin,143,365,213,428
bun002T(1).JPG,816,612,bun,332,227,591,430
bun002T(1).JPG,816,612,coin,104,237,166,297
bun002T(2).JPG,816,612,bun,374,202,603,478
bun002T(2).JPG,816,612,coin,98,268,169,335
bun002T(3).JPG,816,612,bun,335,264,590,465
bun002T(3).JPG,816,612,coin,75,284,146,348
bun002T(4).JPG,816,612,bun,432,202,684,417
bun002T(4).JPG,816,612,coin,141,293,212,356
bun003S(3).JPG,816,612,bun,395,154,708,344
bun003S(3).JPG,816,612,coin,47,269,122,342
bun003T(4).JPG,816,612,bun,356,254,644,481
bun003T(4).JPG,816,612,coin,121,252,186,314
doughnut001T(1).JPG,816,612,doughnut,187,228,446,488
doughnut001T(1).JPG,816,612,coin,603,281,671,348
doughnut001T(3).JPG,816,612,doughnut,214,162,506,472
doughnut001T(3).JPG,816,612,coin,702,256,780,339
doughnut002S(2).JPG,816,612,doughnut,50,339,390,499
doughnut002S(2).JPG,816,612,coin,670,422,784,530
doughnut002S(3).JPG,816,612,doughnut,51,323,398,480
doughnut002S(3).JPG,816,612,coin,674,404,768,515
doughnut002S(7).JPG,816,612,doughnut,25,314,438,499
doughnut002S(7).JPG,816,612,coin,702,385,813,490
doughnut002T(3).JPG,816,612,doughnut,157,197,415,461
doughnut002T(3).JPG,816,612,coin,568,191,629,255
doughnut002T(5).JPG,816,612,doughnut,232,265,437,472
doughnut002T(5).JPG,816,612,coin,540,196,596,250
doughnut002T(6).JPG,816,612,doughnut,200,248,456,517
doughnut002T(6).JPG,816,612,coin,532,122,595,189
doughnut002T(7).JPG,816,612,doughnut,284,243,567,535
doughnut002T(7).JPG,816,612,coin,121,122,190,194
doughnut003S(2).JPG,816,612,doughnut,92,286,432,437
doughnut003S(2).JPG,816,612,coin,703,357,805,458
doughnut003S(3).JPG,816,612,doughnut,73,245,410,397
doughnut003S(3).JPG,816,612,coin,707,318,807,417
doughnut003T(1).JPG,816,612,doughnut,196,257,476,550
doughnut003T(1).JPG,816,612,coin,544,80,622,153
doughnut003T(2).JPG,816,612,doughnut,339,161,616,434
doughnut003T(2).JPG,816,612,coin,70,277,143,348
doughnut003T(3).JPG,816,612,doughnut,227,278,496,552
doughnut003T(3).JPG,816,612,coin,562,97,626,167
doughnut004S(1).JPG,816,612,doughnut,413,305,655,403
doughnut004S(1).JPG,816,612,coin,96,345,164,411
doughnut004S(10).JPG,816,612,doughnut,436,301,685,401
doughnut004S(10).JPG,816,612,coin,96,339,163,404
doughnut004S(13).JPG,816,612,doughnut,396,297,659,394
doughnut004S(13).JPG,816,612,coin,107,331,171,395
doughnut004S(15).JPG,816,612,doughnut,417,317,678,403
doughnut004S(15).JPG,816,612,coin,417,317,678,403
doughnut004S(4).JPG,816,612,doughnut,400,298,659,386
doughnut004S(4).JPG,816,612,coin,103,331,167,395
doughnut004S(5).JPG,816,612,doughnut,421,303,649,397
doughnut004S(5).JPG,816,612,coin,122,339,185,402
doughnut004S(7).JPG,816,612,doughnut,383,328,641,418
doughnut004S(7).JPG,816,612,coin,82,365,146,428
doughnut004T(1).JPG,816,612,doughnut,370,210,636,455
doughnut004T(1).JPG,816,612,coin,149,154,219,214
doughnut004T(11).JPG,816,612,doughnut,376,201,629,483
doughnut004T(11).JPG,816,612,coin,156,167,220,229
doughnut004T(13).JPG,816,612,doughnut,394,210,652,482
doughnut004T(13).JPG,816,612,coin,163,138,233,205
doughnut004T(14).JPG,816,612,doughnut,371,241,634,477
doughnut004T(14).JPG,816,612,coin,171,152,234,211
doughnut004T(2).JPG,816,612,doughnut,386,199,653,488
doughnut004T(2).JPG,816,612,coin,146,68,213,134
doughnut004T(5).JPG,816,612,doughnut,384,234,639,466
doughnut004T(5).JPG,816,612,coin,157,156,221,214
doughnut004T(6).JPG,816,612,doughnut,343,182,626,451
doughnut004T(6).JPG,816,612,coin,151,77,216,143
doughnut004T(7).JPG,816,612,doughnut,368,234,620,488
doughnut004T(7).JPG,816,612,coin,163,177,227,238
doughnut004T(9).JPG,816,612,doughnut,378,209,637,488
doughnut004T(9).JPG,816,612,coin,157,135,224,200
doughnut005S(15).JPG,816,612,doughnut,423,326,701,413
doughnut005S(15).JPG,816,612,coin,142,359,210,425
doughnut005S(2).JPG,816,612,doughnut,426,331,681,416
doughnut005S(2).JPG,816,612,coin,117,363,185,425
doughnut005S(3).JPG,816,612,doughnut,413,292,667,374
doughnut005S(3).JPG,816,612,coin,134,326,200,388
doughnut005S(4).JPG,816,612,doughnut,410,299,650,384
doughnut005S(4).JPG,816,612,coin,134,333,201,396
doughnut005S(5).JPG,816,612,doughnut,423,339,672,427
doughnut005S(5).JPG,816,612,coin,84,376,148,439
doughnut005S(8).JPG,816,612,doughnut,396,315,644,411
doughnut005S(8).JPG,816,612,coin,101,353,170,416
doughnut005S(9).JPG,816,612,doughnut,429,300,686,383
doughnut005S(9).JPG,816,612,coin,103,331,170,395
doughnut005T(10).JPG,816,612,doughnut,362,190,647,457
doughnut005T(10).JPG,816,612,coin,162,113,228,175
doughnut005T(14).JPG,816,612,doughnut,432,172,730,456
doughnut005T(14).JPG,816,612,coin,136,141,205,209
doughnut005T(15).JPG,816,612,doughnut,386,230,649,487
doughnut005T(15).JPG,816,612,coin,146,164,209,225
doughnut005T(3).JPG,816,612,doughnut,355,210,614,493
doughnut005T(3).JPG,816,612,coin,134,91,205,156
doughnut005T(5).JPG,816,612,doughnut,418,248,646,489
doughnut005T(5).JPG,816,612,coin,189,139,247,193
doughnut005T(7).JPG,816,612,doughnut,357,203,625,462
doughnut005T(7).JPG,816,612,coin,147,125,212,189
doughnut005T(8).JPG,816,612,doughnut,404,250,666,512
doughnut005T(8).JPG,816,612,coin,147,169,212,233
egg001S(3).JPG,816,612,egg,444,298,546,396
egg001S(3).JPG,816,612,coin,126,356,193,419
egg001S(5).JPG,816,612,egg,471,271,574,371
egg001S(5).JPG,816,612,coin,170,327,228,387
egg001S(6).JPG,816,612,egg,422,271,553,369
egg001S(6).JPG,816,612,coin,135,329,200,388
egg001S(7).JPG,816,612,egg,403,267,539,366
egg001S(7).JPG,816,612,coin,112,325,173,386
egg001T(1).JPG,816,612,egg,431,320,571,437
egg001T(1).JPG,816,612,coin,80,219,149,282
egg001T(2).JPG,816,612,egg,472,301,603,456
egg001T(2).JPG,816,612,coin,105,249,173,311
egg001T(3).JPG,816,612,egg,485,307,607,459
egg001T(3).JPG,816,612,coin,138,229,200,293
egg001T(4).JPG,816,612,egg,420,290,580,417
egg001T(4).JPG,816,612,coin,56,250,125,320
egg002s(1).JPG,816,612,egg,391,226,552,350
egg002s(1).JPG,816,612,coin,65,289,137,360
egg002s(2).JPG,816,612,egg,464,227,612,346
egg002s(2).JPG,816,612,coin,151,292,216,355
egg002s(4).JPG,816,612,egg,496,230,619,348
egg002s(4).JPG,816,612,coin,171,292,236,355
egg002s(5).JPG,816,612,egg,439,226,583,342
egg002s(5).JPG,816,612,coin,131,290,198,353
egg002s(6).JPG,816,612,egg,417,218,578,347
egg002s(6).JPG,816,612,coin,64,286,135,357
egg002s(9).JPG,816,612,egg,437,230,565,351
egg002s(9).JPG,816,612,coin,70,288,145,358
egg002T(8).JPG,816,612,egg,529,243,678,423
egg002T(8).JPG,816,612,coin,130,218,208,295
egg002T(9).JPG,816,612,egg,458,298,629,426
egg002T(9).JPG,816,612,coin,106,277,180,348
egg003S(4).JPG,816,612,egg,461,260,568,361
egg003S(4).JPG,816,612,coin,116,315,187,379
egg003S(6).JPG,816,612,egg,422,316,559,415
egg003S(6).JPG,816,612,coin,125,372,191,432
egg003T(2).JPG,816,612,egg,505,301,636,481
egg003T(2).JPG,816,612,coin,131,282,205,355
egg003T(3).JPG,816,612,egg,440,272,562,425
egg003T(3).JPG,816,612,coin,99,258,169,328
egg003T(4).JPG,816,612,egg,474,245,628,361
egg003T(4).JPG,816,612,coin,167,269,234,334
egg003T(5).JPG,816,612,egg,494,266,621,421
egg003T(5).JPG,816,612,coin,176,272,244,340
fired_dough_twist001S(3).JPG,816,612,fired_dough_twist,369,232,659,344
fired_dough_twist001S(3).JPG,816,612,coin,13,292,86,363
fired_dough_twist001T(1).JPG,816,612,fired_dough_twist,432,151,538,417
fired_dough_twist001T(1).JPG,816,612,coin,147,136,207,195
fired_dough_twist001T(4).JPG,816,612,fired_dough_twist,406,191,516,433
fired_dough_twist001T(4).JPG,816,612,coin,175,208,229,265
fired_dough_twist001T(5).JPG,816,612,fired_dough_twist,482,193,592,460
fired_dough_twist001T(5).JPG,816,612,coin,131,137,199,201
fired_dough_twist001T(6).JPG,816,612,fired_dough_twist,423,163,516,409
fired_dough_twist001T(6).JPG,816,612,coin,181,179,244,239
fired_dough_twist001T(8).JPG,816,612,fired_dough_twist,418,154,532,401
fired_dough_twist001T(8).JPG,816,612,coin,153,190,212,250
fired_dough_twist002S(10).JPG,816,612,fired_dough_twist,445,249,705,373
fired_dough_twist002S(10).JPG,816,612,coin,26,322,99,396
fired_dough_twist002S(2).JPG,816,612,fired_dough_twist,447,199,708,323
fired_dough_twist002S(2).JPG,816,612,coin,87,272,165,344
fired_dough_twist002S(4).JPG,816,612,fired_dough_twist,429,214,678,333
fired_dough_twist002S(4).JPG,816,612,coin,43,283,120,354
fired_dough_twist002S(6).JPG,816,612,fired_dough_twist,436,250,695,376
fired_dough_twist002S(6).JPG,816,612,coin,86,315,165,390
fired_dough_twist002S(7).JPG,816,612,fired_dough_twist,459,215,726,345
fired_dough_twist002S(7).JPG,816,612,coin,53,284,129,353
fired_dough_twist002T(10).JPG,816,612,fired_dough_twist,483,191,624,472
fired_dough_twist002T(10).JPG,816,612,coin,79,107,157,182
fired_dough_twist002T(3).JPG,816,612,fired_dough_twist,391,206,531,436
fired_dough_twist002T(3).JPG,816,612,coin,91,126,161,188
fired_dough_twist002T(5).JPG,816,612,fired_dough_twist,459,239,592,472
fired_dough_twist002T(5).JPG,816,612,coin,170,135,232,195
fired_dough_twist002T(9).JPG,816,612,fired_dough_twist,415,259,515,456
fired_dough_twist002T(9).JPG,816,612,coin,149,192,204,245
fired_dough_twist003S(1).JPG,816,612,fired_dough_twist,388,259,700,378
fired_dough_twist003S(1).JPG,816,612,coin,36,330,118,407
fired_dough_twist003S(10).JPG,816,612,fired_dough_twist,430,255,711,363
fired_dough_twist003S(10).JPG,816,612,coin,27,321,106,397
fired_dough_twist003S(3).JPG,816,612,fired_dough_twist,425,288,706,384
fired_dough_twist003S(3).JPG,816,612,coin,91,333,171,410
fired_dough_twist003S(5).JPG,816,612,fired_dough_twist,463,250,754,355
fired_dough_twist003S(5).JPG,816,612,coin,76,297,156,375
fired_dough_twist003S(6).JPG,816,612,fired_dough_twist,445,275,748,386
fired_dough_twist003S(6).JPG,816,612,coin,42,332,121,408
fired_dough_twist003S(7).JPG,816,612,fired_dough_twist,435,262,723,364
fired_dough_twist003S(7).JPG,816,612,coin,55,315,137,390
fired_dough_twist003S(8).JPG,816,612,fired_dough_twist,430,238,720,354
fired_dough_twist003S(8).JPG,816,612,coin,52,304,126,380
fired_dough_twist003S(9).JPG,816,612,fired_dough_twist,383,261,686,367
fired_dough_twist003S(9).JPG,816,612,coin,75,324,155,402
fired_dough_twist003T(10).JPG,816,612,fired_dough_twist,493,185,613,474
fired_dough_twist003T(10).JPG,816,612,coin,97,209,169,275
fired_dough_twist003T(2).JPG,816,612,fired_dough_twist,475,187,614,499
fired_dough_twist003T(2).JPG,816,612,coin,81,160,154,238
fired_dough_twist003T(4).JPG,816,612,fired_dough_twist,438,177,552,456
fired_dough_twist003T(4).JPG,816,612,coin,139,191,209,259
fired_dough_twist003T(7).JPG,816,612,fired_dough_twist,495,165,595,414
fired_dough_twist003T(7).JPG,816,612,coin,129,224,186,283
fired_dough_twist003T(8).JPG,816,612,fired_dough_twist,473,140,596,413
fired_dough_twist003T(8).JPG,816,612,coin,87,222,154,287
fired_dough_twist003T(9).JPG,816,612,fired_dough_twist,446,114,571,440
fired_dough_twist003T(9).JPG,816,612,coin,100,222,175,295
grape001S(3).JPG,816,612,grape,311,149,736,391
grape001S(3).JPG,816,612,coin,126,334,190,400
grape001S(6).JPG,816,612,grape,352,107,727,379
grape001S(6).JPG,816,612,coin,147,331,214,395
grape001S(7).JPG,816,612,grape,324,165,787,441
grape001S(7).JPG,816,612,coin,124,378,190,442
grape001S(9).JPG,816,612,grape,287,137,778,395
grape001S(9).JPG,816,612,coin,102,350,167,413
grape001T(1).JPG,816,612,grape,259,111,626,459
grape001T(1).JPG,816,612,coin,163,214,214,264
grape001T(10).JPG,816,612,grape,279,102,628,468
grape001T(10).JPG,816,612,coin,161,196,208,246
grape001T(2).JPG,816,612,grape,224,111,657,509
grape001T(2).JPG,816,612,coin,129,192,187,251
grape001T(3).JPG,816,612,grape,210,109,578,511
grape001T(3).JPG,816,612,coin,137,194,188,247
grape001T(4).JPG,816,612,grape,261,89,686,475
grape001T(4).JPG,816,612,coin,155,174,212,235
grape001T(5).JPG,816,612,grape,262,4,686,446
grape001T(5).JPG,816,612,coin,119,90,177,152
grape001T(7).JPG,816,612,grape,347,112,681,518
grape001T(7).JPG,816,612,coin,160,198,217,251
grape001T(9).JPG,816,612,grape,285,124,596,472
grape001T(9).JPG,816,612,coin,189,174,237,226
lemon001S(13).JPG,816,612,lemon,482,220,628,342
lemon001S(13).JPG,816,612,coin,196,299,259,355
lemon001S(14).JPG,816,612,lemon,492,271,626,393
lemon001S(14).JPG,816,612,coin,205,352,264,407
lemon001S(15).JPG,816,612,lemon,465,249,614,372
lemon001S(15).JPG,816,612,coin,197,328,255,387
lemon001S(18).JPG,816,612,lemon,483,222,614,348
lemon001S(18).JPG,816,612,coin,197,301,257,361
lemon001S(2).JPG,816,612,lemon,440,217,581,343
lemon001S(2).JPG,816,612,coin,151,304,213,358
lemon001S(3).JPG,816,612,lemon,451,250,574,371
lemon001S(3).JPG,816,612,coin,159,330,216,386
lemon001S(5).JPG,816,612,lemon,455,215,581,335
lemon001S(5).JPG,816,612,coin,202,304,261,353
lemon001S(6).JPG,816,612,lemon,482,227,627,349
lemon001S(6).JPG,816,612,coin,187,310,246,364
lemon001T(1).JPG,816,612,lemon,426,294,585,480
lemon001T(1).JPG,816,612,coin,92,116,161,184
lemon001T(11).JPG,816,612,lemon,433,285,641,474
lemon001T(11).JPG,816,612,coin,106,283,182,359
lemon001T(13).JPG,816,612,lemon,437,273,610,477
lemon001T(13).JPG,816,612,coin,103,259,173,335
lemon001T(17).JPG,816,612,lemon,469,288,641,499
lemon001T(17).JPG,816,612,coin,99,123,171,189
lemon001T(18).JPG,816,612,lemon,434,282,638,457
lemon001T(18).JPG,816,612,coin,65,117,139,189
lemon001T(2).JPG,816,612,lemon,427,239,588,422
lemon001T(2).JPG,816,612,coin,112,271,182,340
lemon001T(3).JPG,816,612,lemon,381,253,565,408
lemon001T(3).JPG,816,612,coin,87,255,153,319
lemon001T(5).JPG,816,612,lemon,447,257,625,416
lemon001T(5).JPG,816,612,coin,125,257,189,323
lemon001T(6).JPG,816,612,lemon,438,254,587,433
lemon001T(6).JPG,816,612,coin,135,268,198,328
lemon001T(8).JPG,816,612,lemon,453,256,627,410
lemon001T(8).JPG,816,612,coin,172,253,235,316
litchi001S(1).JPG,816,612,litchi,476,297,583,410
litchi001S(1).JPG,816,612,coin,286,342,348,404
litchi001S(2).JPG,816,612,litchi,523,328,632,442
litchi001S(2).JPG,816,612,coin,298,372,360,435
litchi001S(5).JPG,816,612,litchi,488,300,604,410
litchi001S(5).JPG,816,612,coin,283,344,346,407
litchi001T(1).JPG,816,612,litchi,453,236,596,368
litchi001T(1).JPG,816,612,coin,116,229,195,308
litchi001T(2).JPG,816,612,litchi,397,219,545,372
litchi001T(2).JPG,816,612,coin,148,323,229,404
litchi001T(7).JPG,816,612,litchi,465,207,608,356
litchi001T(7).JPG,816,612,coin,127,216,206,291
litchi002S(1).JPG,816,612,litchi,467,312,583,413
litchi002S(1).JPG,816,612,coin,246,342,306,408
litchi002S(2).JPG,816,612,litchi,501,294,618,398
litchi002S(2).JPG,816,612,coin,249,328,312,391
litchi002S(4).JPG,816,612,litchi,496,290,618,394
litchi002S(4).JPG,816,612,coin,272,330,334,389
litchi002S(5).JPG,816,612,litchi,487,310,610,414
litchi002S(5).JPG,816,612,coin,265,347,327,408
litchi002S(8).JPG,816,612,litchi,476,302,588,405
litchi002S(8).JPG,816,612,coin,252,338,314,399
litchi002T(4).JPG,816,612,litchi,445,214,604,358
litchi002T(4).JPG,816,612,coin,159,222,239,299
litchi002T(6).JPG,816,612,litchi,469,246,621,386
litchi002T(6).JPG,816,612,coin,195,265,272,341
litchi002T(7).JPG,816,612,litchi,451,227,589,360
litchi002T(7).JPG,816,612,coin,189,234,268,303
litchi002T(8).JPG,816,612,litchi,454,256,586,397
litchi002T(8).JPG,816,612,coin,181,258,256,329
mango001S(3).JPG,816,612,mango,362,282,606,434
mango001S(3).JPG,816,612,coin,60,384,125,452
mango001S(4).JPG,816,612,mango,403,259,661,416
mango001S(4).JPG,816,612,coin,119,363,183,429
mango001S(8).JPG,816,612,mango,406,275,674,435
mango001S(8).JPG,816,612,coin,131,381,198,449
mango001T(2).JPG,816,612,mango,385,261,551,488
mango001T(2).JPG,816,612,coin,171,117,229,172
mango001T(4).JPG,816,612,mango,343,229,606,428
mango001T(4).JPG,816,612,coin,76,260,142,323
mango001T(5).JPG,816,612,mango,421,277,549,457
mango001T(5).JPG,816,612,coin,223,221,269,269
mango001T(7).JPG,816,612,mango,306,308,550,484
mango001T(7).JPG,816,612,coin,135,132,199,191
mango001T(8).JPG,816,612,mango,389,258,549,489
mango001T(8).JPG,816,612,coin,138,151,196,211
mango002S(10).JPG,816,612,mango,421,299,640,429
mango002S(10).JPG,816,612,coin,98,377,164,448
mango002S(2).JPG,816,612,mango,428,352,675,485
mango002S(2).JPG,816,612,coin,132,433,203,506
mango002S(3).JPG,816,612,mango,474,295,657,434
mango002S(3).JPG,816,612,coin,148,378,217,446
mango002S(6).JPG,816,612,mango,423,294,598,426
mango002S(6).JPG,816,612,coin,63,374,135,443
mango002S(7).JPG,816,612,mango,428,287,675,422
mango002S(7).JPG,816,612,coin,125,368,194,434
mango002S(9).JPG,816,612,mango,440,290,677,416
mango002S(9).JPG,816,612,coin,99,375,171,441
mango002T(1).JPG,816,612,mango,356,285,613,471
mango002T(1).JPG,816,612,coin,83,73,153,141
mango002T(3).JPG,816,612,mango,327,246,572,421
mango002T(3).JPG,816,612,coin,61,74,129,139
mango002T(6).JPG,816,612,mango,287,255,527,437
mango002T(6).JPG,816,612,coin,33,120,99,182
mango002T(7).JPG,816,612,mango,416,250,587,493
mango002T(7).JPG,816,612,coin,111,97,180,164
mango003S(1).JPG,816,612,mango,391,219,552,305
mango003S(1).JPG,816,612,coin,209,280,251,323
mango003S(10).JPG,816,612,mango,479,239,698,408
mango003S(10).JPG,816,612,coin,93,345,162,414
mango003S(3).JPG,816,612,mango,454,253,725,412
mango003S(3).JPG,816,612,coin,122,359,195,427
mango003S(5).JPG,816,612,mango,437,272,708,429
mango003S(5).JPG,816,612,coin,91,375,166,442
mango003S(6).JPG,816,612,mango,455,308,710,463
mango003S(6).JPG,816,612,coin,117,408,186,479
mango003S(9).JPG,816,612,mango,473,221,757,393
mango003S(9).JPG,816,612,coin,131,327,201,399
mango003T(1).JPG,816,612,mango,323,236,561,400
mango003T(1).JPG,816,612,coin,109,252,171,310
mango003T(10).JPG,816,612,mango,324,186,526,459
mango003T(10).JPG,816,612,coin,53,248,125,315
mango003T(4).JPG,816,612,mango,429,225,629,494
mango003T(4).JPG,816,612,coin,104,209,172,274
mango003T(7).JPG,816,612,mango,404,192,589,441
mango003T(7).JPG,816,612,coin,113,252,177,312
mango003T(9).JPG,816,612,mango,384,267,531,452
mango003T(9).JPG,816,612,coin,155,313,208,364
mango004S(1).JPG,816,612,mango,452,335,598,416
mango004S(1).JPG,816,612,coin,149,370,214,432
mango004S(10).JPG,816,612,mango,471,293,600,365
mango004S(10).JPG,816,612,coin,152,326,226,396
mango004S(2).JPG,816,612,mango,462,327,624,409
mango004S(2).JPG,816,612,coin,148,359,212,422
mango004S(5).JPG,816,612,mango,435,328,591,402
mango004S(5).JPG,816,612,coin,138,363,204,424
mango004S(7).JPG,816,612,mango,388,353,543,436
mango004S(7).JPG,816,612,coin,388,353,543,436
mango004T(10).JPG,816,612,mango,409,311,559,414
mango004T(10).JPG,816,612,coin,171,322,226,375
mango004T(2).JPG,816,612,mango,508,243,666,465
mango004T(2).JPG,816,612,coin,118,328,202,409
mango004T(3).JPG,816,612,mango,461,291,608,498
mango004T(3).JPG,816,612,coin,89,342,168,417
mango004T(9).JPG,816,612,mango,476,322,631,534
mango004T(9).JPG,816,612,coin,113,311,193,388
mango005S(1).JPG,816,612,mango,465,370,646,460
mango005S(1).JPG,816,612,coin,193,413,259,478
mango005S(2).JPG,816,612,mango,466,321,654,409
mango005S(2).JPG,816,612,coin,100,363,169,431
mango005S(3).JPG,816,612,mango,430,323,617,414
mango005S(3).JPG,816,612,coin,124,366,199,429
mango005S(4).JPG,816,612,mango,455,332,640,421
mango005S(4).JPG,816,612,coin,127,372,192,438
mango005S(6).JPG,816,612,mango,439,308,620,400
mango005S(6).JPG,816,612,coin,95,353,162,418
mango005S(7).JPG,816,612,mango,443,352,630,446
mango005S(7).JPG,816,612,coin,128,398,195,461
mango005S(8).JPG,816,612,mango,452,278,639,365
mango005S(8).JPG,816,612,coin,132,322,200,386
mango005S(9).JPG,816,612,mango,473,331,664,419
mango005S(9).JPG,816,612,coin,127,371,200,438
mango005T(1).JPG,816,612,mango,435,222,556,410
mango005T(1).JPG,816,612,coin,117,214,178,274
mango005T(3).JPG,816,612,mango,414,201,525,387
mango005T(3).JPG,816,612,coin,131,280,194,338
mango005T(4).JPG,816,612,mango,405,294,516,483
mango005T(4).JPG,816,612,coin,126,267,192,327
mango005T(6).JPG,816,612,mango,376,221,496,411
mango005T(6).JPG,816,612,coin,51,209,120,271
mango005T(7).JPG,816,612,mango,486,274,614,473
mango005T(7).JPG,816,612,coin,132,299,200,367
mix001S(2).JPG,816,612,orange,12,224,271,457
mix001S(2).JPG,816,612,apple,322,231,560,461
mix001S(2).JPG,816,612,coin,694,393,777,478
mix001T(1).JPG,816,612,apple,172,223,417,469
mix001T(1).JPG,816,612,orange,489,252,736,523
mix001T(1).JPG,816,612,coin,52,143,119,209
mix002S(2).JPG,816,612,banana,230,275,428,399
mix002S(2).JPG,816,612,apple,463,216,696,422
mix002S(2).JPG,816,612,coin,75,344,148,412
mix002S(3).JPG,816,612,banana,320,102,445,367
mix002S(3).JPG,816,612,apple,521,163,775,386
mix002S(3).JPG,816,612,coin,67,301,142,373
mix002S(4).JPG,816,612,apple,343,62,538,268
mix002S(4).JPG,816,612,banana,289,264,686,452
mix002S(4).JPG,816,612,coin,283,490,340,550
mix002T(2).JPG,816,612,apple,351,126,528,308
mix002T(2).JPG,816,612,banana,195,311,565,493
mix002T(4).JPG,816,612,banana,205,231,416,354
mix002T(4).JPG,816,612,apple,460,152,716,369
mix002T(4).JPG,816,612,coin,45,296,123,366
mix003S(1).JPG,816,612,apple,109,233,310,414
mix003S(1).JPG,816,612,qiwi,364,278,517,405
mix003S(1).JPG,816,612,coin,642,364,708,430
mix003S(2).JPG,816,612,qiwi,96,293,272,437
mix003S(2).JPG,816,612,apple,320,257,518,436
mix003S(2).JPG,816,612,coin,662,382,730,445
mix003S(3).JPG,816,612,apple,63,235,283,432
mix003S(3).JPG,816,612,qiwi,322,284,496,424
mix003S(3).JPG,816,612,coin,617,376,687,446
mix004S(4).JPG,816,612,apple,316,148,534,363
mix004S(4).JPG,816,612,qiwi,577,217,776,364
mix004S(4).JPG,816,612,coin,105,305,171,374
mix004T(1).JPG,816,612,apple,300,144,521,361
mix004T(1).JPG,816,612,qiwi,301,395,504,561
mix004T(1).JPG,816,612,coin,162,75,222,135
mix004T(2).JPG,816,612,qiwi,352,144,551,307
mix004T(2).JPG,816,612,apple,356,343,571,559
mix004T(2).JPG,816,612,coin,184,104,247,159
mix004T(4).JPG,816,612,apple,339,110,554,327
mix004T(4).JPG,816,612,qiwi,314,369,505,535
mix004T(4).JPG,816,612,coin,166,84,224,145
mix005S(4).JPG,612,612,mango,94,275,283,433
mix005S(4).JPG,612,612,qiwi,401,266,582,433
mix006S(3).JPG,816,612,banana,240,325,429,415
mix006S(3).JPG,816,612,mango,492,292,647,415
mix006S(3).JPG,816,612,coin,51,375,119,443
mix006S(4).JPG,816,612,mango,302,327,462,450
mix006S(4).JPG,816,612,banana,514,359,724,453
mix006S(4).JPG,816,612,coin,85,402,152,469
mix006T(1).JPG,816,612,mango,340,119,573,291
mix006T(1).JPG,816,612,banana,295,361,675,549
mix006T(1).JPG,816,612,coin,91,45,157,113
mix007S(2).JPG,816,612,mango,305,237,463,356
mix007S(2).JPG,816,612,banana,479,288,654,360
mix007S(2).JPG,816,612,coin,114,318,173,378
mix007S(3).JPG,816,612,banana,315,301,475,374
mix007S(3).JPG,816,612,mango,510,250,670,372
mix007S(3).JPG,816,612,coin,120,333,181,391
mix007S(4).JPG,816,612,mango,299,257,459,378
mix007S(4).JPG,816,612,banana,464,308,654,383
mix007S(4).JPG,816,612,coin,115,341,178,400
mix007T(1).JPG,816,612,mango,328,125,606,329
mix007T(1).JPG,816,612,banana,302,362,690,569
mix007T(1).JPG,816,612,coin,57,254,128,321
mix007T(4).JPG,816,612,mango,392,75,635,260
mix007T(4).JPG,816,612,banana,311,304,666,485
mix007T(4).JPG,816,612,coin,128,177,189,236
mooncake001S(10).JPG,816,612,mooncake,476,320,597,379
mooncake001S(10).JPG,816,612,coin,145,336,209,396
mooncake001S(13).JPG,816,612,mooncake,497,343,619,396
mooncake001S(13).JPG,816,612,coin,156,358,221,415
mooncake001S(15).JPG,816,612,mooncake,516,331,638,397
mooncake001S(15).JPG,816,612,coin,141,345,207,406
mooncake001S(2).JPG,816,612,mooncake,505,418,632,481
mooncake001S(2).JPG,816,612,coin,156,434,217,495
mooncake001S(6).JPG,816,612,mooncake,468,326,592,386
mooncake001S(6).JPG,816,612,coin,122,341,188,401
mooncake001S(7).JPG,816,612,mooncake,467,318,591,376
mooncake001S(7).JPG,816,612,coin,125,334,187,394
mooncake001T(10).JPG,816,612,mooncake,423,231,559,359
mooncake001T(10).JPG,816,612,coin,45,208,115,274
mooncake001T(15).JPG,816,612,mooncake,487,231,620,367
mooncake001T(15).JPG,816,612,coin,91,145,167,215
mooncake001T(16).JPG,816,612,mooncake,409,229,545,370
mooncake001T(16).JPG,816,612,coin,75,172,147,239
mooncake001T(2).JPG,816,612,mooncake,411,276,536,397
mooncake001T(2).JPG,816,612,coin,113,271,176,332
mooncake001T(3).JPG,816,612,mooncake,448,220,587,356
mooncake001T(3).JPG,816,612,coin,91,228,157,293
mooncake001T(4).JPG,816,612,mooncake,436,263,564,401
mooncake001T(4).JPG,816,612,coin,74,257,143,327
mooncake001T(5).JPG,816,612,mooncake,452,218,591,348
mooncake001T(5).JPG,816,612,coin,104,217,169,282
mooncake001T(6).JPG,816,612,mooncake,392,228,524,354
mooncake001T(6).JPG,816,612,coin,60,222,123,286
mooncake001T(7).JPG,816,612,mooncake,432,223,566,355
mooncake001T(7).JPG,816,612,coin,71,200,139,266
mooncake001T(8).JPG,816,612,mooncake,426,267,555,395
mooncake001T(8).JPG,816,612,coin,82,233,147,297
mooncake002S(1).JPG,816,612,mooncake,471,319,597,374
mooncake002S(1).JPG,816,612,coin,121,336,185,395
mooncake002S(10).JPG,816,612,mooncake,486,352,610,422
mooncake002S(10).JPG,816,612,coin,138,365,205,427
mooncake002S(11).JPG,816,612,mooncake,512,283,637,354
mooncake002S(11).JPG,816,612,coin,139,297,207,362
mooncake002S(14).JPG,816,612,mooncake,476,329,594,387
mooncake002S(14).JPG,816,612,coin,112,345,175,411
mooncake002S(15).JPG,816,612,mooncake,483,357,607,414
mooncake002S(15).JPG,816,612,coin,146,380,211,439
mooncake002S(16).JPG,816,612,mooncake,508,355,633,414
mooncake002S(16).JPG,816,612,coin,146,367,214,429
mooncake002S(2).JPG,816,612,mooncake,499,325,627,389
mooncake002S(2).JPG,816,612,coin,128,340,195,404
mooncake002S(3).JPG,816,612,mooncake,507,339,631,402
mooncake002S(3).JPG,816,612,coin,177,355,244,416
mooncake002T(10).JPG,816,612,mooncake,471,305,614,448
mooncake002T(10).JPG,816,612,coin,72,247,144,317
mooncake002T(12).JPG,816,612,mooncake,428,224,549,353
mooncake002T(12).JPG,816,612,coin,113,187,181,247
mooncake002T(13).JPG,816,612,mooncake,442,283,571,399
mooncake002T(13).JPG,816,612,coin,131,266,193,326
mooncake002T(16).JPG,816,612,mooncake,434,239,557,361
mooncake002T(16).JPG,816,612,coin,121,192,183,256
mooncake002T(17).JPG,816,612,mooncake,447,283,574,408
mooncake002T(17).JPG,816,612,coin,131,252,194,316
mooncake002T(2).JPG,816,612,mooncake,472,239,613,378
mooncake002T(2).JPG,816,612,coin,83,274,155,345
mooncake002T(4).JPG,816,612,mooncake,453,253,595,392
mooncake002T(4).JPG,816,612,coin,65,210,136,280
mooncake002T(7).JPG,816,612,mooncake,431,263,563,397
mooncake002T(7).JPG,816,612,coin,102,198,169,265
mooncake002T(8).JPG,816,612,mooncake,375,244,505,373
mooncake002T(8).JPG,816,612,coin,109,205,173,269
orange001S(2).JPG,816,612,orange,238,130,480,363
orange001S(2).JPG,816,612,coin,731,310,812,395
orange001T(4).JPG,816,612,orange,253,153,458,334
orange001T(4).JPG,816,612,coin,640,285,697,340
orange002S(2).JPG,816,612,orange,138,202,414,470
orange002S(2).JPG,816,612,coin,679,404,777,491
orange002S(4).JPG,816,612,orange,155,155,439,439
orange002S(4).JPG,816,612,coin,696,368,791,455
orange002T(1).JPG,816,612,orange,355,209,677,480
orange002T(1).JPG,816,612,coin,62,269,139,344
orange003S(1).JPG,816,612,orange,62,97,432,402
orange003S(1).JPG,816,612,coin,682,331,802,445
orange003S(4).JPG,816,612,orange,66,148,438,463
orange003S(4).JPG,816,612,coin,695,374,803,485
orange003S(7).JPG,816,612,orange,156,134,504,445
orange003S(7).JPG,816,612,coin,680,364,797,477
orange003S(8).JPG,816,612,orange,81,90,391,396
orange003S(8).JPG,816,612,coin,685,324,802,442
orange003T(1).JPG,816,612,orange,303,214,647,512
orange003T(1).JPG,816,612,coin,166,137,261,224
orange003T(3).JPG,816,612,orange,406,192,707,460
orange003T(3).JPG,816,612,coin,133,238,212,315
orange003T(4).JPG,816,612,orange,399,193,724,515
orange003T(4).JPG,816,612,coin,76,260,171,348
orange003T(5).JPG,816,612,orange,398,190,718,498
orange003T(5).JPG,816,612,coin,124,128,218,218
orange003T(6).JPG,816,612,orange,371,187,700,492
orange003T(6).JPG,816,612,coin,103,139,199,226
orange003T(7).JPG,816,612,orange,281,198,590,544
orange003T(7).JPG,816,612,coin,148,164,243,253
orange003T(8).JPG,816,612,orange,299,202,596,551
orange003T(8).JPG,816,612,coin,158,172,251,260
orange004S(1).JPG,816,612,orange,488,179,781,456
orange004S(1).JPG,816,612,coin,55,381,148,471
orange004S(2).JPG,816,612,orange,378,186,694,502
orange004S(2).JPG,816,612,coin,178,406,281,500
orange004S(3).JPG,816,612,orange,400,192,764,510
orange004S(3).JPG,816,612,coin,185,412,285,511
orange004S(4).JPG,816,612,orange,159,186,483,492
orange004S(4).JPG,816,612,coin,560,372,657,472
orange004T(2).JPG,816,612,orange,330,202,631,480
orange004T(2).JPG,816,612,coin,427,96,505,173
orange004T(4).JPG,816,612,orange,290,238,559,480
orange004T(4).JPG,816,612,coin,399,118,467,183
orange005S(4).JPG,816,612,orange,451,257,678,469
orange005S(4).JPG,816,612,coin,113,408,191,489
orange005T(4).JPG,816,612,orange,398,224,619,450
orange005T(4).JPG,816,612,coin,245,276,316,349
orange006S(1).JPG,816,612,orange,422,172,612,361
orange006S(1).JPG,816,612,coin,134,315,208,384
orange006S(2).JPG,816,612,orange,369,178,556,366
orange006S(2).JPG,816,612,coin,179,313,246,375
orange006S(4).JPG,816,612,orange,361,176,532,343
orange006S(4).JPG,816,612,coin,173,306,234,369
orange006T(1).JPG,816,612,orange,160,257,357,429
orange006T(1).JPG,816,612,coin,441,76,495,136
orange006T(2).JPG,816,612,orange,186,76,419,289
orange006T(2).JPG,816,612,coin,376,382,440,443
orange007S(2).JPG,816,612,orange,419,213,640,388
orange007S(2).JPG,816,612,coin,102,343,168,410
orange007S(3).JPG,816,612,orange,372,217,576,406
orange007S(3).JPG,816,612,coin,156,357,231,426
orange007S(4).JPG,816,612,orange,472,157,717,350
orange007S(4).JPG,816,612,coin,120,297,189,366
orange007S(6).JPG,816,612,orange,378,217,626,453
orange007S(6).JPG,816,612,coin,58,394,146,475
orange007S(7).JPG,816,612,orange,420,232,622,398
orange007S(7).JPG,816,612,coin,107,365,177,432
orange007T(2).JPG,816,612,orange,242,98,454,346
orange007T(2).JPG,816,612,coin,421,419,487,484
orange007T(6).JPG,816,612,orange,181,282,376,499
orange007T(6).JPG,816,612,coin,518,108,577,169
orange007T(8).JPG,816,612,orange,313,57,556,281
orange007T(8).JPG,816,612,coin,346,376,410,440
orange008S(1).JPG,816,612,orange,453,163,660,330
orange008S(1).JPG,816,612,coin,190,289,252,342
orange008S(12).JPG,816,612,orange,403,177,601,345
orange008S(12).JPG,816,612,coin,135,297,193,353
orange008S(13).JPG,816,612,orange,463,204,643,372
orange008S(13).JPG,816,612,coin,188,327,247,387
orange008S(15).JPG,816,612,orange,456,216,630,381
orange008S(15).JPG,816,612,coin,197,339,257,393
orange008S(18).JPG,816,612,orange,438,187,634,354
orange008S(18).JPG,816,612,coin,175,310,238,366
orange008S(19).JPG,816,612,orange,451,211,627,375
orange008S(19).JPG,816,612,coin,183,331,244,389
orange008S(21).JPG,816,612,orange,448,196,622,362
orange008S(21).JPG,816,612,coin,170,314,231,373
orange008S(22).JPG,816,612,orange,462,225,658,386
orange008S(22).JPG,816,612,coin,190,344,252,403
orange008S(4).JPG,816,612,orange,459,162,665,331
orange008S(4).JPG,816,612,coin,189,286,253,345
orange008S(7).JPG,816,612,orange,430,219,607,381
orange008S(7).JPG,816,612,coin,157,340,222,394
orange008S(9).JPG,816,612,orange,429,154,612,322
orange008S(9).JPG,816,612,coin,154,280,217,338
orange008T(12).JPG,816,612,orange,396,297,648,531
orange008T(12).JPG,816,612,coin,96,207,164,271
orange008T(14).JPG,816,612,orange,378,280,609,495
orange008T(14).JPG,816,612,coin,127,225,187,285
orange008T(17).JPG,816,612,orange,388,280,593,505
orange008T(17).JPG,816,612,coin,115,215,181,273
orange008T(19).JPG,816,612,orange,372,255,582,486
orange008T(19).JPG,816,612,coin,121,165,185,228
orange008T(22).JPG,816,612,orange,409,233,655,455
orange008T(22).JPG,816,612,coin,119,169,187,228
orange008T(5).JPG,816,612,orange,428,236,656,487
orange008T(5).JPG,816,612,coin,140,151,205,218
orange008T(6).JPG,816,612,orange,401,255,643,463
orange008T(6).JPG,816,612,coin,165,184,225,245
orange008T(7).JPG,816,612,orange,451,268,697,544
orange008T(7).JPG,816,612,coin,130,221,204,289
orange008T(8).JPG,816,612,orange,409,267,681,513
orange008T(8).JPG,816,612,coin,133,218,202,283
peach001S(1).JPG,816,612,peach,493,238,645,384
peach001S(1).JPG,816,612,coin,119,334,184,397
peach001S(13).JPG,816,612,peach,472,279,631,425
peach001S(13).JPG,816,612,coin,111,381,181,441
peach001S(14).JPG,816,612,peach,457,254,616,399
peach001S(14).JPG,816,612,coin,137,354,202,412
peach001S(15).JPG,816,612,peach,477,240,629,381
peach001S(15).JPG,816,612,coin,173,334,234,395
peach001S(2).JPG,816,612,peach,482,232,641,374
peach001S(2).JPG,816,612,coin,96,325,160,389
peach001S(3).JPG,816,612,peach,490,251,653,406
peach001S(3).JPG,816,612,coin,109,351,179,414
peach001S(5).JPG,816,612,peach,486,234,641,379
peach001S(5).JPG,816,612,coin,107,329,175,393
peach001S(7).JPG,816,612,peach,470,288,632,440
peach001S(7).JPG,816,612,coin,121,382,184,442
peach001S(8).JPG,816,612,peach,502,225,672,373
peach001S(8).JPG,816,612,coin,116,322,184,384
peach001S(9).JPG,816,612,peach,469,238,636,386
peach001S(9).JPG,816,612,coin,73,328,142,395
peach001T(12).JPG,816,612,peach,481,248,646,413
peach001T(12).JPG,816,612,coin,146,199,208,259
peach001T(13).JPG,816,612,peach,465,231,649,403
peach001T(13).JPG,816,612,coin,128,171,200,233
peach001T(15).JPG,816,612,peach,496,231,680,405
peach001T(15).JPG,816,612,coin,90,171,162,239
peach001T(2).JPG,816,612,peach,396,250,566,415
peach001T(2).JPG,816,612,coin,105,134,172,203
peach001T(4).JPG,816,612,peach,444,260,624,428
peach001T(4).JPG,816,612,coin,137,176,206,240
peach001T(5).JPG,816,612,peach,417,210,591,383
peach001T(5).JPG,816,612,coin,109,174,180,234
peach001T(9).JPG,816,612,peach,464,250,621,408
peach001T(9).JPG,816,612,coin,160,216,227,278
peach002S(4).JPG,816,612,peach,470,224,632,382
peach002S(4).JPG,816,612,coin,98,331,170,399
peach002S(7).JPG,816,612,peach,453,267,602,428
peach002S(7).JPG,816,612,coin,61,386,130,455
peach002S(8).JPG,816,612,peach,465,233,620,389
peach002S(8).JPG,816,612,coin,72,349,142,418
peach002T(4).JPG,816,612,peach,475,252,639,409
peach002T(4).JPG,816,612,coin,158,232,223,296
peach002T(6).JPG,816,612,peach,414,241,535,372
peach002T(6).JPG,816,612,coin,156,227,212,278
peach002T(7).JPG,816,612,peach,456,272,607,416
peach002T(7).JPG,816,612,coin,163,227,226,282
peach002T(8).JPG,816,612,peach,459,284,600,425
peach002T(8).JPG,816,612,coin,180,237,239,292
pear001S(10).JPG,816,612,pear,507,166,701,356
pear001S(10).JPG,816,612,coin,153,312,216,374
pear001S(12).JPG,816,612,pear,465,153,657,338
pear001S(12).JPG,816,612,coin,95,295,154,361
pear001S(13).JPG,816,612,pear,445,136,641,329
pear001S(13).JPG,816,612,coin,100,282,160,345
pear001S(14).JPG,816,612,pear,476,120,672,314
pear001S(14).JPG,816,612,coin,118,271,179,337
pear001S(4).JPG,816,612,pear,440,130,636,323
pear001S(4).JPG,816,612,coin,58,278,122,341
pear001S(5).JPG,816,612,pear,414,140,626,342
pear001S(5).JPG,816,612,coin,43,292,101,358
pear001S(6).JPG,816,612,pear,452,145,652,356
pear001S(6).JPG,816,612,coin,91,310,155,376
pear001S(9).JPG,816,612,pear,488,116,681,320
pear001S(9).JPG,816,612,coin,122,272,187,337
pear001T(11).JPG,816,612,pear,389,235,582,434
pear001T(11).JPG,816,612,coin,126,204,189,263
pear001T(12).JPG,816,612,pear,381,207,596,421
pear001T(12).JPG,816,612,coin,104,180,168,244
pear001T(14).JPG,816,612,pear,357,225,563,430
pear001T(14).JPG,816,612,coin,127,199,183,255
pear001T(16).JPG,816,612,pear,412,214,658,440
pear001T(16).JPG,816,612,coin,102,194,175,264
pear001T(2).JPG,816,612,pear,383,209,613,440
pear001T(2).JPG,816,612,coin,118,192,182,257
pear001T(3).JPG,816,612,pear,417,251,664,490
pear001T(3).JPG,816,612,coin,108,236,176,299
pear001T(6).JPG,816,612,pear,404,234,628,457
pear001T(6).JPG,816,612,coin,124,224,187,287
pear002S(10).JPG,816,612,pear,476,228,685,434
pear002S(10).JPG,816,612,coin,81,366,153,436
pear002S(13).JPG,816,612,pear,477,222,681,421
pear002S(13).JPG,816,612,coin,98,363,167,428
pear002S(14).JPG,816,612,pear,424,216,599,375
pear002S(14).JPG,816,612,coin,81,330,141,387
pear002S(18).JPG,816,612,pear,455,272,694,498
pear002S(18).JPG,816,612,coin,43,434,127,513
pear002S(2).JPG,816,612,pear,450,286,664,489
pear002S(2).JPG,816,612,coin,71,424,141,494
pear002S(3).JPG,816,612,pear,437,247,646,450
pear002S(3).JPG,816,612,coin,69,389,141,456
pear002S(4).JPG,816,612,pear,437,277,658,477
pear002S(4).JPG,816,612,coin,64,422,140,489
pear002S(6).JPG,816,612,pear,463,257,679,458
pear002S(6).JPG,816,612,coin,87,398,166,468
pear002T(1).JPG,816,612,pear,441,257,621,436
pear002T(1).JPG,816,612,coin,150,265,211,319
pear002T(10).JPG,816,612,pear,338,160,550,360
pear002T(10).JPG,816,612,coin,131,189,196,246
pear002T(11).JPG,816,612,pear,376,182,547,359
pear002T(11).JPG,816,612,coin,115,205,172,257
pear002T(12).JPG,816,612,pear,391,207,580,401
pear002T(12).JPG,816,612,coin,94,182,155,240
pear002T(13).JPG,816,612,pear,428,237,610,423
pear002T(13).JPG,816,612,coin,122,231,185,284
pear002T(14).JPG,816,612,pear,386,240,549,401
pear002T(14).JPG,816,612,coin,109,330,165,386
pear002T(17).JPG,816,612,pear,422,213,597,392
pear002T(17).JPG,816,612,coin,111,245,165,305
pear002T(18).JPG,816,612,pear,370,235,549,409
pear002T(18).JPG,816,612,coin,95,239,152,293
pear002T(2).JPG,816,612,pear,399,232,601,417
pear002T(2).JPG,816,612,coin,116,184,177,244
pear002T(20).JPG,816,612,pear,414,224,604,403
pear002T(20).JPG,816,612,coin,106,206,171,261
pear002T(6).JPG,816,612,pear,394,182,573,369
pear002T(6).JPG,816,612,coin,106,188,167,244
pear002T(7).JPG,816,612,pear,463,271,657,460
pear002T(7).JPG,816,612,coin,174,228,235,287
pear002T(8).JPG,816,612,pear,397,232,600,426
pear002T(8).JPG,816,612,coin,122,204,184,265
plum001S(10).JPG,816,612,plum,419,167,608,334
plum001S(10).JPG,816,612,coin,92,294,168,362
plum001S(12).JPG,816,612,plum,420,186,619,354
plum001S(12).JPG,816,612,coin,81,310,159,382
plum001S(13).JPG,816,612,plum,447,198,672,387
plum001S(13).JPG,816,612,coin,105,331,181,398
plum001S(14).JPG,816,612,plum,468,183,671,363
plum001S(14).JPG,816,612,coin,116,303,191,372
plum001S(15).JPG,816,612,plum,497,198,702,375
plum001S(15).JPG,816,612,coin,173,314,251,381
plum001S(16).JPG,816,612,plum,442,199,638,375
plum001S(16).JPG,816,612,coin,123,322,200,392
plum001S(18).JPG,816,612,plum,436,180,624,342
plum001S(18).JPG,816,612,coin,116,290,190,362
plum001S(2).JPG,816,612,plum,495,185,677,352
plum001S(2).JPG,816,612,coin,173,311,245,378
plum001S(20).JPG,816,612,plum,469,193,666,369
plum001S(20).JPG,816,612,coin,87,312,165,386
plum001S(21).JPG,816,612,plum,473,178,668,347
plum001S(21).JPG,816,612,coin,124,292,199,366
plum001S(22).JPG,816,612,plum,441,185,624,345
plum001S(22).JPG,816,612,coin,85,296,162,367
plum001S(7).JPG,816,612,plum,437,171,633,348
plum001S(7).JPG,816,612,coin,115,303,192,372
plum001S(9).JPG,816,612,plum,501,207,708,379
plum001S(9).JPG,816,612,coin,153,332,227,400
plum001T(11).JPG,816,612,plum,426,196,654,409
plum001T(11).JPG,816,612,coin,103,212,178,279
plum001T(16).JPG,816,612,plum,458,211,705,434
plum001T(16).JPG,816,612,coin,87,165,172,238
plum001T(17).JPG,816,612,plum,467,186,714,404
plum001T(17).JPG,816,612,coin,92,161,171,238
plum001T(2).JPG,816,612,plum,429,192,670,416
plum001T(2).JPG,816,612,coin,101,220,185,300
plum001T(21).JPG,816,612,plum,401,237,595,422
plum001T(21).JPG,816,612,coin,143,201,217,263
plum001T(22).JPG,816,612,plum,432,250,655,469
plum001T(22).JPG,816,612,coin,105,166,188,241
plum001T(3).JPG,816,612,plum,486,174,715,406
plum001T(3).JPG,816,612,coin,116,195,191,265
plum001T(4).JPG,816,612,plum,410,220,629,427
plum001T(4).JPG,816,612,coin,83,199,157,276
plum002S(1).JPG,816,612,plum,459,260,626,400
plum002S(1).JPG,816,612,coin,156,356,228,418
plum002S(12).JPG,816,612,plum,492,289,647,434
plum002S(12).JPG,816,612,coin,103,371,188,447
plum002S(13).JPG,816,612,plum,466,280,620,429
plum002S(13).JPG,816,612,coin,99,365,177,432
plum002S(19).JPG,816,612,plum,483,259,632,394
plum002S(19).JPG,816,612,coin,136,348,207,415
plum002S(4).JPG,816,612,plum,457,256,612,389
plum002S(4).JPG,816,612,coin,134,337,207,407
plum002S(5).JPG,816,612,plum,441,274,588,414
plum002S(5).JPG,816,612,coin,127,365,205,436
plum002S(7).JPG,816,612,plum,472,259,611,400
plum002S(7).JPG,816,612,coin,109,353,187,424
plum002S(9).JPG,816,612,plum,477,241,642,387
plum002S(9).JPG,816,612,coin,133,332,202,407
plum002T(1).JPG,816,612,plum,427,209,601,377
plum002T(1).JPG,816,612,coin,88,114,171,179
plum002T(10).JPG,816,612,plum,469,213,644,390
plum002T(10).JPG,816,612,coin,138,145,212,214
plum002T(11).JPG,816,612,plum,460,219,642,376
plum002T(11).JPG,816,612,coin,141,128,212,200
plum002T(12).JPG,816,612,plum,460,231,638,404
plum002T(12).JPG,816,612,coin,142,151,213,220
plum002T(15).JPG,816,612,plum,406,224,572,384
plum002T(15).JPG,816,612,coin,129,169,193,237
plum002T(16).JPG,816,612,plum,129,169,193,237
plum002T(16).JPG,816,612,coin,147,172,210,237
plum002T(3).JPG,816,612,plum,421,293,577,445
plum002T(3).JPG,816,612,coin,131,193,196,254
plum002T(4).JPG,816,612,plum,451,232,613,377
plum002T(4).JPG,816,612,coin,155,129,222,198
plum002T(5).JPG,816,612,plum,411,212,603,382
plum002T(5).JPG,816,612,coin,62,89,139,160
plum002T(7).JPG,816,612,plum,523,243,715,414
plum002T(7).JPG,816,612,coin,137,131,213,200
plum002T(8).JPG,816,612,plum,434,276,603,452
plum002T(8).JPG,816,612,coin,111,171,188,238
plum002T(9).JPG,816,612,plum,417,270,577,409
plum002T(9).JPG,816,612,coin,171,178,239,233
qiwi001S(3).JPG,816,612,qiwi,502,216,693,360
qiwi001S(3).JPG,816,612,coin,65,315,133,382
qiwi001S(4).JPG,816,612,qiwi,395,240,644,383
qiwi001S(4).JPG,816,612,coin,138,327,208,394
qiwi001T(1).JPG,816,612,qiwi,246,47,458,316
qiwi001T(1).JPG,816,612,coin,320,364,390,439
qiwi001T(2).JPG,816,612,qiwi,317,181,569,492
qiwi001T(2).JPG,816,612,coin,161,215,249,302
qiwi001T(4).JPG,816,612,qiwi,181,166,372,411
qiwi001T(4).JPG,816,612,coin,442,291,509,361
qiwi002S(1).JPG,816,612,qiwi,406,189,588,344
qiwi002S(1).JPG,816,612,coin,208,280,278,344
qiwi002S(3).JPG,816,612,qiwi,382,196,551,338
qiwi002S(3).JPG,816,612,coin,179,285,246,347
qiwi003S(1).JPG,816,612,qiwi,460,184,630,379
qiwi003S(1).JPG,816,612,coin,147,341,221,410
qiwi003S(2).JPG,816,612,qiwi,448,231,675,382
qiwi003S(2).JPG,816,612,coin,71,332,149,405
qiwi003S(3).JPG,816,612,qiwi,438,216,593,351
qiwi003S(3).JPG,816,612,coin,82,300,145,362
qiwi003T(1).JPG,816,612,qiwi,172,240,341,392
qiwi003T(1).JPG,816,612,coin,567,204,624,258
qiwi003T(4).JPG,816,612,qiwi,329,302,524,453
qiwi003T(4).JPG,816,612,coin,417,183,477,240
qiwi004S(1).JPG,816,612,qiwi,211,278,395,429
qiwi004S(1).JPG,816,612,coin,631,375,700,442
qiwi004S(5).JPG,816,612,qiwi,442,186,631,337
qiwi004S(5).JPG,816,612,coin,170,290,237,360
qiwi004S(6).JPG,816,612,qiwi,116,231,378,385
qiwi004S(6).JPG,816,612,coin,604,336,692,419
qiwi004S(8).JPG,816,612,qiwi,171,296,434,464
qiwi004S(8).JPG,816,612,coin,669,404,750,477
qiwi004T(5).JPG,816,612,qiwi,184,265,429,436
qiwi004T(5).JPG,816,612,coin,572,118,633,185
qiwi004T(7).JPG,816,612,qiwi,209,202,442,395
qiwi004T(7).JPG,816,612,coin,523,65,588,129
qiwi005S(2).JPG,816,612,qiwi,381,228,592,359
qiwi005S(2).JPG,816,612,coin,73,313,146,381
qiwi005S(3).JPG,816,612,qiwi,486,279,661,403
qiwi005S(3).JPG,816,612,coin,173,358,234,417
qiwi005S(6).JPG,816,612,qiwi,450,308,666,444
qiwi005S(6).JPG,816,612,coin,180,399,246,461
qiwi005S(7).JPG,816,612,qiwi,479,261,667,406
qiwi005S(7).JPG,816,612,coin,128,347,198,411
qiwi005S(8).JPG,816,612,qiwi,457,302,638,445
qiwi005S(8).JPG,816,612,coin,111,389,189,457
qiwi005T(1).JPG,816,612,qiwi,294,282,478,416
qiwi005T(1).JPG,816,612,coin,316,65,368,119
qiwi005T(2).JPG,816,612,qiwi,333,270,470,444
qiwi005T(2).JPG,816,612,coin,327,69,378,127
qiwi005T(3).JPG,816,612,qiwi,320,293,488,498
qiwi005T(3).JPG,816,612,coin,202,98,265,159
qiwi005T(8).JPG,816,612,qiwi,241,335,458,507
qiwi005T(8).JPG,816,612,coin,261,61,324,123
sachima001S(1).JPG,816,612,sachima,487,322,729,440
sachima001S(1).JPG,816,612,coin,58,381,142,454
sachima001S(12).JPG,816,612,sachima,447,318,656,430
sachima001S(12).JPG,816,612,coin,40,374,120,448
sachima001S(2).JPG,816,612,sachima,469,333,695,443
sachima001S(2).JPG,816,612,coin,99,380,174,455
sachima001S(3).JPG,816,612,sachima,478,354,705,467
sachima001S(3).JPG,816,612,coin,134,405,214,477
sachima001S(4).JPG,816,612,sachima,483,351,700,462
sachima001S(4).JPG,816,612,coin,91,408,166,479
sachima001S(6).JPG,816,612,sachima,462,322,683,433
sachima001S(6).JPG,816,612,coin,71,376,144,447
sachima001S(8).JPG,816,612,sachima,467,292,677,398
sachima001S(8).JPG,816,612,coin,76,341,148,411
sachima001T(1).JPG,816,612,sachima,412,192,590,380
sachima001T(1).JPG,816,612,coin,172,189,230,245
sachima001T(11).JPG,816,612,sachima,427,183,606,373
sachima001T(11).JPG,816,612,coin,153,221,221,284
sachima001T(12).JPG,816,612,sachima,436,220,653,402
sachima001T(12).JPG,816,612,coin,144,245,210,304
sachima001T(2).JPG,816,612,sachima,393,199,592,385
sachima001T(2).JPG,816,612,coin,128,253,188,311
sachima001T(4).JPG,816,612,sachima,402,243,609,428
sachima001T(4).JPG,816,612,coin,98,236,161,297
sachima001T(7).JPG,816,612,sachima,414,205,600,422
sachima001T(7).JPG,816,612,coin,142,235,204,297
sachima001T(9).JPG,816,612,sachima,416,210,588,407
sachima001T(9).JPG,816,612,coin,169,227,227,285
sachima002S(13).JPG,816,612,sachima,482,269,689,378
sachima002S(13).JPG,816,612,coin,49,323,134,402
sachima002S(14).JPG,816,612,sachima,496,264,713,376
sachima002S(14).JPG,816,612,coin,99,323,176,393
sachima002S(2).JPG,816,612,sachima,444,286,662,408
sachima002S(2).JPG,816,612,coin,61,348,140,421
sachima002S(8).JPG,816,612,sachima,492,290,728,397
sachima002S(8).JPG,816,612,coin,128,337,206,410
sachima002T(1).JPG,816,612,sachima,404,251,644,446
sachima002T(1).JPG,816,612,coin,105,232,172,301
sachima002T(10).JPG,816,612,sachima,350,244,527,431
sachima002T(10).JPG,816,612,coin,101,307,167,366
sachima002T(11).JPG,816,612,sachima,356,225,541,406
sachima002T(11).JPG,816,612,coin,136,192,199,245
sachima002T(13).JPG,816,612,sachima,375,277,607,458
sachima002T(13).JPG,816,612,coin,101,249,173,314
sachima002T(14).JPG,816,612,sachima,360,252,589,447
sachima002T(14).JPG,816,612,coin,102,186,175,256
sachima002T(15).JPG,816,612,sachima,372,191,577,424
sachima002T(15).JPG,816,612,coin,67,176,144,245
sachima002T(2).JPG,816,612,sachima,355,256,537,407
sachima002T(2).JPG,816,612,coin,76,196,137,256
sachima002T(7).JPG,816,612,sachima,386,208,584,380
sachima002T(7).JPG,816,612,coin,94,160,153,218
sachima002T(9).JPG,816,612,sachima,387,269,572,426
sachima002T(9).JPG,816,612,coin,144,233,200,289
tomato001S(1).JPG,816,612,tomato,460,255,662,399
tomato001S(1).JPG,816,612,coin,193,343,263,403
tomato001S(9).JPG,816,612,tomato,481,237,681,380
tomato001S(9).JPG,816,612,coin,140,333,203,394
tomato001T(2).JPG,816,612,tomato,393,271,645,526
tomato001T(2).JPG,816,612,coin,116,256,187,324
tomato001T(7).JPG,816,612,tomato,392,262,630,495
tomato001T(7).JPG,816,612,coin,108,249,179,316
tomato001T(8).JPG,816,612,tomato,393,237,669,503
tomato001T(8).JPG,816,612,coin,75,203,152,278
tomato001T(9).JPG,816,612,tomato,454,228,740,485
tomato001T(9).JPG,816,612,coin,148,201,221,272
tomato002S(1).JPG,816,612,tomato,431,276,599,412
tomato002S(1).JPG,816,612,coin,136,373,209,429
tomato002S(12).JPG,816,612,tomato,418,254,590,393
tomato002S(12).JPG,816,612,coin,152,346,217,404
tomato002S(13).JPG,816,612,tomato,382,231,547,372
tomato002S(13).JPG,816,612,coin,83,334,153,394
tomato002S(14).JPG,816,612,tomato,395,260,560,401
tomato002S(14).JPG,816,612,coin,133,361,196,416
tomato002S(4).JPG,816,612,tomato,427,274,586,408
tomato002S(4).JPG,816,612,coin,142,368,209,425
tomato002S(8).JPG,816,612,tomato,392,223,562,363
tomato002S(8).JPG,816,612,coin,123,316,192,376
tomato002S(9).JPG,816,612,tomato,430,247,592,381
tomato002S(9).JPG,816,612,coin,152,337,215,395
tomato002T(1).JPG,816,612,tomato,482,233,685,429
tomato002T(1).JPG,816,612,coin,163,244,235,309
tomato002T(10).JPG,816,612,tomato,431,222,652,428
tomato002T(10).JPG,816,612,coin,113,169,184,238
tomato002T(12).JPG,816,612,tomato,416,239,619,440
tomato002T(12).JPG,816,612,coin,122,276,196,341
tomato002T(13).JPG,816,612,tomato,378,230,584,426
tomato002T(13).JPG,816,612,coin,64,218,133,284
tomato002T(14).JPG,816,612,tomato,409,241,622,444
tomato002T(14).JPG,816,612,coin,94,278,164,346
tomato002T(15).JPG,816,612,tomato,447,244,655,448
tomato002T(15).JPG,816,612,coin,99,251,171,318
tomato002T(2).JPG,816,612,tomato,400,248,623,464
tomato002T(2).JPG,816,612,coin,77,240,158,312
tomato002T(3).JPG,816,612,tomato,384,199,596,404
tomato002T(3).JPG,816,612,coin,84,196,156,264
tomato002T(4).JPG,816,612,tomato,434,292,645,498
tomato002T(4).JPG,816,612,coin,136,280,205,342
tomato002T(5).JPG,816,612,tomato,362,258,553,440
tomato002T(5).JPG,816,612,coin,110,225,174,285
tomato002T(6).JPG,816,612,tomato,401,239,584,420
tomato002T(6).JPG,816,612,coin,140,220,201,282
tomato002T(7).JPG,816,612,tomato,445,240,635,427
tomato002T(7).JPG,816,612,coin,173,218,239,278
